Login,Timestamp
gainauntu,2019-12-14T17:02:32Z
gainauntu,2019-12-10T18:42:20Z
Ilyushin,2019-11-26T09:23:39Z
Ilyushin,2019-11-19T14:02:32Z
Ilyushin,2019-11-03T08:37:47Z
Ilyushin,2019-11-03T08:37:17Z
Ilyushin,2019-11-03T08:36:53Z
Ilyushin,2019-11-03T08:36:19Z
Chehaco,2019-10-31T13:42:37Z
Chehaco,2019-10-31T13:36:30Z
Chehaco,2019-10-31T13:32:39Z
Chehaco,2019-10-31T13:20:15Z
Ilyushin,2019-10-31T12:53:34Z
Ilyushin,2019-10-31T12:53:07Z
Ilyushin,2019-10-31T12:52:49Z
Ilyushin,2019-10-31T12:51:59Z
askeroff,2019-10-30T17:43:50Z
askeroff,2019-10-30T17:40:07Z
askeroff,2019-10-30T17:37:07Z
askeroff,2019-10-30T17:32:51Z
Ilyushin,2019-10-30T08:09:47Z
Ilyushin,2019-10-30T08:09:16Z
Ilyushin,2019-10-30T08:09:01Z
Ilyushin,2019-10-30T08:08:17Z
Ilyushin,2019-10-30T08:07:49Z
askeroff,2019-10-29T19:29:58Z
askeroff,2019-10-29T19:24:03Z
askeroff,2019-10-29T18:58:22Z
askeroff,2019-10-29T18:40:37Z
askeroff,2019-10-29T18:34:29Z
Ilyushin,2019-10-29T14:33:31Z
Lereena,2019-10-28T21:29:05Z
Lereena,2019-10-28T21:25:47Z
vpbhargav,2019-10-20T01:47:19Z
Ilyushin,2019-10-13T17:19:41Z
jwasham,2019-10-12T19:20:35Z
firefire-iceice,2019-10-12T19:17:19Z
jwasham,2019-10-12T18:36:31Z
kathu,2019-10-11T20:33:18Z
kathu,2019-10-11T19:51:55Z
kathu,2019-10-11T19:51:21Z
Ilyushin,2019-10-10T09:58:09Z
kathu,2019-10-10T09:15:43Z
jwasham,2019-10-08T02:12:00Z
MahzadK,2019-10-07T15:05:18Z
jwasham,2019-09-14T20:12:45Z
jwasham,2019-08-21T16:00:48Z
MaxKam,2019-08-21T02:47:44Z
jwasham,2019-08-20T02:46:17Z
tzxdtc,2019-08-20T02:12:55Z
jwasham,2019-08-11T18:53:53Z
MaxKam,2019-08-11T05:53:10Z
jwasham,2019-08-09T03:50:00Z
OhIAmFine,2019-08-08T05:19:49Z
OhIAmFine,2019-08-08T02:33:04Z
OhIAmFine,2019-08-06T05:59:26Z
akashgiricse,2019-06-30T17:53:58Z
jwasham,2019-06-27T03:16:39Z
jwasham,2019-05-13T13:06:06Z
jwasham,2019-05-12T20:38:06Z
jwasham,2019-05-12T20:37:34Z
jwasham,2019-05-11T16:58:15Z
hezhizhen,2019-05-10T09:50:47Z
hezhizhen,2019-05-10T09:27:25Z
hezhizhen,2019-05-10T08:29:37Z
hezhizhen,2019-05-10T08:24:16Z
jwasham,2019-05-10T03:11:43Z
hezhizhen,2019-05-09T15:09:01Z
jwasham,2019-04-26T02:19:49Z
hwhung0111,2019-04-25T07:35:39Z
jwasham,2019-04-17T02:25:56Z
joonas-yoon,2019-04-16T06:13:17Z
jwasham,2019-04-09T02:28:34Z
MoazMansour,2019-04-01T21:49:28Z
jwasham,2019-03-23T19:33:41Z
arora-aditya,2019-03-23T19:28:40Z
jwasham,2019-02-14T05:25:17Z
jwasham,2019-02-02T18:58:31Z
jwasham,2019-01-30T03:36:18Z
xindoo,2019-01-29T08:42:04Z
jwasham,2019-01-26T23:55:32Z
jwasham,2019-01-19T20:55:13Z
akashgiricse,2019-01-16T04:23:20Z
jwasham,2019-01-18T04:17:36Z
kerolloz,2019-01-16T20:18:59Z
jwasham,2019-01-12T18:53:53Z
ziishaned,2019-01-12T18:34:47Z
jwasham,2018-12-30T20:00:30Z
Amanjakhetiya,2018-12-29T19:02:18Z
jwasham,2018-12-28T04:46:05Z
jwasham,2018-12-16T21:52:46Z
jwasham,2018-12-16T21:18:40Z
joonas-yoon,2018-12-12T16:29:12Z
joonas-yoon,2018-12-12T08:51:17Z
joonas-yoon,2018-12-02T08:16:16Z
joonas-yoon,2018-12-02T07:55:17Z
joonas-yoon,2018-12-02T07:03:27Z
joonas-yoon,2018-12-02T07:01:50Z
joonas-yoon,2018-12-01T20:01:14Z
joonas-yoon,2018-12-01T19:33:44Z
joonas-yoon,2018-12-01T19:29:27Z
joonas-yoon,2018-12-01T19:16:52Z
joonas-yoon,2018-12-01T19:13:07Z
joonas-yoon,2018-12-01T19:10:56Z
joonas-yoon,2018-12-01T18:25:02Z
joonas-yoon,2018-12-01T18:21:11Z
joonas-yoon,2018-12-01T18:12:31Z
jwasham,2018-11-19T00:34:45Z
jwasham,2018-11-19T00:18:18Z
AungMyoKyaw,2018-11-16T09:44:55Z
AungMyoKyaw,2018-11-16T09:04:51Z
AungMyoKyaw,2018-11-16T08:56:12Z
AungMyoKyaw,2018-11-16T08:51:00Z
jwasham,2018-11-13T03:10:02Z
lokanathchandrareddy,2018-11-12T18:39:28Z
lokanathchandrareddy,2018-11-12T18:38:34Z
dvanbrug,2018-11-11T21:31:23Z
jwasham,2018-11-03T19:03:55Z
jwasham,2018-11-03T17:50:02Z
moonik,2018-11-03T13:47:02Z
moonik,2018-11-03T13:33:27Z
rimonmostafiz,2018-11-01T19:30:20Z
rimonmostafiz,2018-11-01T19:24:04Z
jwasham,2018-10-31T13:14:55Z
phondanai,2018-10-28T13:19:36Z
jwasham,2018-10-26T02:38:58Z
thephilwells,2018-10-25T20:14:52Z
moonik,2018-10-24T19:17:49Z
jwasham,2018-10-23T04:30:46Z
jwasham,2018-10-23T04:30:27Z
jwasham,2018-10-23T04:29:52Z
moonik,2018-10-21T10:37:30Z
moonik,2018-10-20T18:33:32Z
moonik,2018-10-20T18:31:02Z
shireeshaBongarala,2018-10-20T05:25:34Z
jwasham,2018-10-13T19:00:46Z
Ilyushin,2018-10-11T09:18:45Z
Ilyushin,2018-10-11T09:15:50Z
Ilyushin,2018-10-11T09:15:24Z
Ilyushin,2018-10-11T08:47:30Z
askeroff,2018-10-11T05:29:42Z
askeroff,2018-10-11T05:26:37Z
jwasham,2018-10-09T02:46:47Z
dlarner3194,2018-10-07T22:37:26Z
jwasham,2018-10-06T17:40:09Z
jwasham,2018-10-06T17:31:46Z
ldss3sang,2018-10-05T19:28:20Z
hiiakku,2018-10-01T11:37:28Z
jwasham,2018-09-25T02:55:03Z
jwasham,2018-09-25T02:54:28Z
mfurga,2018-09-24T07:39:02Z
mateuszwitkowski,2018-09-23T21:16:30Z
neihousaigaai,2018-09-02T09:49:16Z
jwasham,2018-06-26T04:32:41Z
jwasham,2018-06-26T04:31:47Z
melongbob,2018-06-25T16:55:00Z
jwasham,2018-06-23T17:26:32Z
tahsinrahman,2018-06-21T15:52:23Z
jwasham,2018-06-10T22:01:18Z
tahsinrahman,2018-06-10T21:11:01Z
jwasham,2018-06-09T18:58:56Z
jwasham,2018-06-09T18:56:19Z
jwasham,2018-06-09T18:52:02Z
Shaffan,2018-05-20T09:36:32Z
jwasham,2018-05-10T04:30:38Z
jwasham,2018-04-20T02:19:43Z
AyaAzzam,2018-04-19T07:20:51Z
jwasham,2018-04-19T03:37:59Z
brunoguic,2018-04-12T17:10:00Z
brunoguic,2018-04-12T17:08:18Z
brunoguic,2018-04-12T17:05:31Z
BBloggsbott,2018-04-08T17:57:38Z
BBloggsbott,2018-04-08T17:54:38Z
AyaAzzam,2018-04-06T09:30:24Z
AyaAzzam,2018-04-06T09:27:01Z
jwasham,2018-04-04T03:23:46Z
Myeongjoon,2018-03-19T10:34:05Z
Ilyushin,2018-03-11T07:23:55Z
mikhailusov,2018-03-11T07:14:00Z
PandaJules,2018-03-09T15:53:52Z
PandaJules,2018-03-08T12:54:54Z
mikhailusov,2018-03-04T07:48:30Z
mikhailusov,2018-03-03T02:08:34Z
mikhailusov,2018-03-02T03:17:32Z
mikhailusov,2018-03-02T03:13:05Z
mikhailusov,2018-03-02T02:58:58Z
armandfardeau,2018-02-27T20:29:53Z
armandfardeau,2018-02-27T20:25:48Z
armandfardeau,2018-02-27T20:11:16Z
PandaJules,2018-02-27T13:54:49Z
PandaJules,2018-02-27T13:40:54Z
PandaJules,2018-02-27T01:02:49Z
PandaJules,2018-02-27T00:23:07Z
PandaJules,2018-02-27T00:09:00Z
PandaJules,2018-02-27T00:04:45Z
PandaJules,2018-02-26T23:50:01Z
PandaJules,2018-02-26T23:47:02Z
jwasham,2018-02-22T06:07:29Z
adhikariaman01,2018-02-22T04:17:47Z
mikhailusov,2018-02-04T05:39:15Z
jwasham,2018-01-28T18:30:03Z
jwasham,2018-01-28T18:29:27Z
jwasham,2018-01-28T18:28:44Z
jwasham,2018-01-28T18:28:06Z
fxleyu,2018-01-26T08:13:50Z
ezebecke,2018-01-15T20:30:34Z
mikhailusov,2018-01-11T23:37:31Z
Ilyushin,2018-01-11T08:09:25Z
mikhailusov,2018-01-10T20:43:57Z
ibrunotome,2018-01-10T17:46:19Z
Ilyushin,2018-01-10T06:05:19Z
Ilyushin,2018-01-10T05:43:46Z
Ilyushin,2018-01-10T04:56:18Z
jwasham,2017-12-22T03:29:46Z
hienvd,2017-12-20T08:46:25Z
hienvd,2017-12-20T08:36:02Z
malcolmessaid,2017-12-14T21:59:18Z
jwasham,2017-12-13T04:04:57Z
cspollar,2017-12-13T00:47:12Z
jwasham,2017-11-26T22:29:36Z
riverwell,2017-10-30T14:17:27Z
jwasham,2017-10-29T17:35:56Z
phondanai,2017-10-27T07:40:33Z
jwasham,2017-10-25T14:16:47Z
miku86,2017-10-24T07:58:20Z
Ilyushin,2017-10-18T16:00:03Z
jwasham,2017-10-14T16:14:56Z
jwasham,2017-10-14T16:13:52Z
devlware,2017-10-14T02:34:37Z
avizmarlon,2017-10-13T04:21:38Z
jwasham,2017-10-11T23:01:16Z
jwasham,2017-10-11T23:00:47Z
diemax,2017-10-03T21:26:15Z
jwasham,2017-10-01T19:32:14Z
jwasham,2017-09-24T17:27:30Z
jwasham,2017-09-24T17:18:51Z
jwasham,2017-09-19T15:00:12Z
SaurabhSM,2017-09-19T04:50:36Z
jwasham,2017-09-17T19:31:54Z
jwasham,2017-09-15T04:03:00Z
jwasham,2017-09-13T16:07:59Z
meshuamam,2017-09-01T04:01:12Z
jwasham,2017-09-12T02:08:17Z
bvasisht,2017-09-10T19:03:20Z
jwasham,2017-09-09T17:39:16Z
postBG,2017-09-08T09:13:55Z
avizmarlon,2017-08-29T05:04:37Z
avizmarlon,2017-08-29T04:57:49Z
jwasham,2017-08-20T18:06:04Z
SaurabhSM,2017-08-12T06:43:35Z
SaurabhSM,2017-08-01T16:41:05Z
SaurabhSM,2017-08-01T15:32:38Z
Kyeongan,2017-07-21T18:22:17Z
jwasham,2017-07-18T03:21:40Z
jwasham,2017-07-16T04:09:49Z
atultherajput,2017-07-12T04:39:47Z
atultherajput,2017-07-12T04:21:30Z
Ilyushin,2017-07-01T17:32:16Z
Ilyushin,2017-07-01T17:16:28Z
jwasham,2017-06-30T02:33:06Z
nandokakimoto,2017-06-29T16:11:57Z
jwasham,2017-06-28T02:56:21Z
avizmarlon,2017-06-19T23:54:37Z
avizmarlon,2017-06-19T23:52:14Z
avizmarlon,2017-06-19T23:40:33Z
avizmarlon,2017-06-19T23:39:04Z
avizmarlon,2017-06-19T23:24:13Z
avizmarlon,2017-06-19T23:15:35Z
avizmarlon,2017-06-19T23:06:07Z
jwasham,2017-06-18T18:11:29Z
avizmarlon,2017-06-12T18:53:40Z
avizmarlon,2017-06-12T18:40:03Z
avizmarlon,2017-06-12T18:38:15Z
avizmarlon,2017-06-12T18:18:18Z
avizmarlon,2017-06-12T18:10:09Z
avizmarlon,2017-06-12T17:45:06Z
jwasham,2017-06-11T22:52:39Z
jwasham,2017-06-11T22:51:39Z
jwasham,2017-06-11T22:50:35Z
avizmarlon,2017-06-11T22:01:48Z
avizmarlon,2017-06-11T21:59:52Z
avizmarlon,2017-06-11T21:43:05Z
avizmarlon,2017-06-11T21:22:23Z
avizmarlon,2017-06-11T20:30:10Z
avizmarlon,2017-06-11T17:26:28Z
avizmarlon,2017-06-11T16:45:17Z
yuta-kawai,2017-06-11T06:23:26Z
avizmarlon,2017-06-10T21:11:39Z
dossorio,2017-06-10T20:39:53Z
dossorio,2017-06-10T20:34:06Z
jwasham,2017-06-10T17:52:16Z
avizmarlon,2017-06-10T15:03:16Z
avizmarlon,2017-06-10T14:51:40Z
avizmarlon,2017-06-09T18:36:26Z
avizmarlon,2017-06-09T18:33:54Z
avizmarlon,2017-06-09T18:01:23Z
avizmarlon,2017-06-09T14:34:08Z
avizmarlon,2017-06-09T14:30:06Z
avizmarlon,2017-06-09T14:20:45Z
jwasham,2017-06-09T04:09:24Z
avizmarlon,2017-06-08T19:26:21Z
avizmarlon,2017-06-08T19:16:25Z
avizmarlon,2017-06-08T19:06:04Z
avizmarlon,2017-06-08T18:49:37Z
avizmarlon,2017-06-08T18:40:20Z
avizmarlon,2017-06-08T18:37:37Z
avizmarlon,2017-06-07T05:47:30Z
avizmarlon,2017-06-06T15:19:03Z
sbolel,2017-06-05T10:26:55Z
avizmarlon,2017-06-05T06:03:35Z
avizmarlon,2017-06-05T05:58:58Z
avizmarlon,2017-06-05T04:55:04Z
avizmarlon,2017-06-05T04:47:49Z
avizmarlon,2017-06-05T04:45:28Z
avizmarlon,2017-06-05T04:30:28Z
avizmarlon,2017-06-05T04:18:00Z
avizmarlon,2017-06-05T01:51:29Z
jwasham,2017-06-04T17:34:43Z
jwasham,2017-05-29T18:06:59Z
jwasham,2017-05-28T17:06:10Z
jwasham,2017-05-28T17:05:45Z
jwasham,2017-05-28T17:05:15Z
jwasham,2017-05-28T17:02:24Z
jwasham,2017-05-28T17:00:32Z
dossorio,2017-05-28T13:04:45Z
dossorio,2017-05-28T12:55:28Z
dossorio,2017-05-28T12:51:40Z
dossorio,2017-05-28T12:45:48Z
dossorio,2017-05-28T12:43:37Z
YoSaucedo,2017-05-28T02:02:56Z
YoSaucedo,2017-05-27T04:29:14Z
YoSaucedo,2017-05-26T12:37:43Z
YoSaucedo,2017-05-26T12:33:56Z
YoSaucedo,2017-05-26T11:13:05Z
YoSaucedo,2017-05-26T10:58:30Z
YoSaucedo,2017-05-26T10:00:17Z
YoSaucedo,2017-05-26T09:48:19Z
YoSaucedo,2017-05-26T09:44:16Z
YoSaucedo,2017-05-26T09:40:16Z
YoSaucedo,2017-05-26T09:33:47Z
YoSaucedo,2017-05-26T09:32:08Z
YoSaucedo,2017-05-26T09:27:33Z
YoSaucedo,2017-05-26T08:57:59Z
YoSaucedo,2017-05-26T08:51:35Z
YoSaucedo,2017-05-26T08:29:34Z
YoSaucedo,2017-05-26T08:27:21Z
YoSaucedo,2017-05-26T01:42:06Z
YoSaucedo,2017-05-26T00:01:30Z
YoSaucedo,2017-05-25T23:57:46Z
YoSaucedo,2017-05-25T23:55:22Z
YoSaucedo,2017-05-25T23:42:43Z
YoSaucedo,2017-05-25T23:29:21Z
YoSaucedo,2017-05-25T23:26:51Z
YoSaucedo,2017-05-25T23:21:42Z
YoSaucedo,2017-05-25T23:12:24Z
YoSaucedo,2017-05-25T22:44:54Z
YoSaucedo,2017-05-25T22:21:43Z
YoSaucedo,2017-05-25T19:07:52Z
YoSaucedo,2017-05-25T18:48:40Z
YoSaucedo,2017-05-25T18:37:59Z
YoSaucedo,2017-05-25T18:34:44Z
YoSaucedo,2017-05-25T18:33:47Z
YoSaucedo,2017-05-25T18:25:32Z
YoSaucedo,2017-05-25T18:24:03Z
YoSaucedo,2017-05-25T18:11:13Z
YoSaucedo,2017-05-25T08:53:05Z
YoSaucedo,2017-05-25T08:16:19Z
YoSaucedo,2017-05-25T07:16:44Z
YoSaucedo,2017-05-24T22:27:56Z
YoSaucedo,2017-05-24T22:04:52Z
YoSaucedo,2017-05-24T19:51:14Z
YoSaucedo,2017-05-24T19:49:43Z
YoSaucedo,2017-05-24T19:16:52Z
YoSaucedo,2017-05-24T19:15:37Z
YoSaucedo,2017-05-24T19:06:19Z
YoSaucedo,2017-05-24T19:01:16Z
YoSaucedo,2017-05-23T21:54:09Z
YoSaucedo,2017-05-23T21:53:43Z
YoSaucedo,2017-05-23T12:56:53Z
YoSaucedo,2017-05-23T12:35:08Z
YoSaucedo,2017-05-23T12:33:56Z
YoSaucedo,2017-05-23T08:57:35Z
YoSaucedo,2017-05-23T06:45:16Z
YoSaucedo,2017-05-23T06:08:14Z
YoSaucedo,2017-05-23T01:23:02Z
YoSaucedo,2017-05-23T01:00:11Z
YoSaucedo,2017-05-22T23:09:06Z
YoSaucedo,2017-05-22T07:37:38Z
YoSaucedo,2017-05-22T07:11:01Z
YoSaucedo,2017-05-22T07:01:35Z
YoSaucedo,2017-05-22T06:52:59Z
YoSaucedo,2017-05-22T06:47:29Z
YoSaucedo,2017-05-22T06:40:16Z
YoSaucedo,2017-05-22T06:31:15Z
YoSaucedo,2017-05-22T06:30:17Z
YoSaucedo,2017-05-22T06:28:39Z
YoSaucedo,2017-05-22T06:27:40Z
YoSaucedo,2017-05-22T06:26:52Z
YoSaucedo,2017-05-22T06:26:07Z
YoSaucedo,2017-05-22T06:24:55Z
YoSaucedo,2017-05-22T06:23:22Z
YoSaucedo,2017-05-22T06:19:58Z
YoSaucedo,2017-05-22T06:17:49Z
YoSaucedo,2017-05-22T01:33:46Z
jwasham,2017-05-20T19:02:59Z
letientai299,2017-05-20T06:23:42Z
letientai299,2017-05-20T06:17:45Z
letientai299,2017-05-20T06:12:25Z
letientai299,2017-05-20T06:17:45Z
letientai299,2017-05-20T06:12:25Z
jwasham,2017-05-16T04:25:14Z
HongChenTW,2017-05-16T02:39:49Z
jwasham,2017-05-13T03:55:17Z
jwasham,2017-05-13T03:54:11Z
jwasham,2017-05-06T17:34:01Z
jwasham,2017-05-06T17:12:24Z
Ilyushin,2017-05-02T18:50:45Z
jwasham,2017-04-29T17:48:45Z
justHungryMan,2017-04-29T06:52:18Z
redmou,2017-04-26T19:04:22Z
redmou,2017-04-26T17:14:24Z
Ilyushin,2017-04-25T16:15:48Z
Ilyushin,2017-04-25T12:50:31Z
SaurabhSM,2017-04-24T07:04:02Z
SaurabhSM,2017-04-24T06:35:08Z
jwasham,2017-04-20T04:04:39Z
jwasham,2017-04-20T04:02:31Z
jwasham,2017-04-20T03:35:49Z
anamritraj,2017-04-18T19:47:19Z
donnemartin,2017-04-16T22:43:56Z
donnemartin,2017-04-16T22:32:18Z
jwasham,2017-04-15T16:49:23Z
benreyn,2017-04-13T16:36:58Z
avizmarlon,2017-04-05T21:15:05Z
avizmarlon,2017-04-05T21:02:50Z
jwasham,2017-04-05T03:58:51Z
jwasham,2017-04-04T03:24:00Z
donnemartin,2017-04-02T11:43:55Z
avizmarlon,2017-04-01T15:51:06Z
avizmarlon,2017-04-01T15:33:11Z
avizmarlon,2017-04-01T15:29:10Z
avizmarlon,2017-04-01T15:05:34Z
avizmarlon,2017-04-01T14:06:08Z
avizmarlon,2017-04-01T13:24:13Z
avizmarlon,2017-04-01T12:47:12Z
jwasham,2017-03-31T04:18:33Z
jwasham,2017-03-31T04:06:14Z
jwasham,2017-03-31T04:05:04Z
avizmarlon,2017-03-30T15:34:12Z
avizmarlon,2017-03-30T15:26:13Z
avizmarlon,2017-03-30T15:10:14Z
avizmarlon,2017-03-30T15:08:43Z
avizmarlon,2017-03-30T14:54:52Z
cybosoft,2017-03-30T08:02:47Z
jwasham,2017-03-29T03:27:03Z
avizmarlon,2017-03-27T14:12:54Z
avizmarlon,2017-03-27T14:01:39Z
jwasham,2017-03-24T13:43:43Z
jarvisluong,2017-03-24T10:16:08Z
d1mnewz,2017-03-22T11:02:01Z
d1mnewz,2017-03-22T11:01:12Z
d1mnewz,2017-03-22T10:55:52Z
d1mnewz,2017-03-22T10:47:54Z
d1mnewz,2017-03-22T10:32:23Z
jwasham,2017-03-19T18:32:35Z
jarvisluong,2017-03-19T17:16:59Z
jarvisluong,2017-03-19T14:48:25Z
jwasham,2017-03-17T20:33:13Z
jwasham,2017-03-17T20:32:18Z
jwasham,2017-03-14T17:00:08Z
avizmarlon,2017-03-14T14:00:20Z
avizmarlon,2017-03-14T13:52:57Z
avizmarlon,2017-03-14T13:50:32Z
laris151,2017-03-14T12:41:54Z
kindraywind,2017-03-14T02:31:40Z
kindraywind,2017-03-14T02:24:45Z
kindraywind,2017-03-14T02:21:49Z
kindraywind,2017-03-14T02:19:51Z
avizmarlon,2017-03-12T01:19:55Z
avizmarlon,2017-03-12T01:15:06Z
jwasham,2017-03-12T00:16:34Z
iphayao,2017-03-12T00:12:23Z
laris151,2017-03-11T02:42:12Z
marceloogeda,2017-03-11T02:31:03Z
marceloogeda,2017-03-11T02:25:33Z
laris151,2017-03-11T02:20:38Z
AmrReda,2017-03-10T06:03:22Z
marceloogeda,2017-03-10T02:40:33Z
marceloogeda,2017-03-10T02:22:07Z
marceloogeda,2017-03-10T02:10:02Z
jwasham,2017-03-08T18:15:16Z
jwasham,2017-03-08T18:14:09Z
YDrall,2017-03-08T16:38:28Z
YDrall,2017-03-08T16:35:24Z
varunu28,2017-03-08T03:34:51Z
varunu28,2017-03-08T03:30:57Z
marceloogeda,2017-03-08T01:54:20Z
marceloogeda,2017-03-08T00:45:59Z
jwasham,2017-03-07T02:39:25Z
letientai299,2017-03-07T02:28:36Z
jwasham,2017-03-07T00:56:12Z
jwasham,2017-03-07T00:56:03Z
jwasham,2017-03-05T18:16:25Z
bronzdoc,2017-03-05T03:46:07Z
jwasham,2017-03-03T17:46:48Z
iphayao,2017-03-03T11:23:26Z
utsavized,2017-03-03T08:08:51Z
utsavized,2017-03-03T08:00:20Z
jwasham,2017-03-01T18:20:29Z
jwasham,2017-02-27T20:18:06Z
jwasham,2017-02-27T20:17:55Z
letientai299,2017-02-26T16:34:46Z
thovo,2017-02-26T12:17:16Z
jwasham,2017-02-25T01:18:34Z
wilkoklak,2017-02-24T21:20:45Z
wilkoklak,2017-02-24T20:32:17Z
wilkoklak,2017-02-24T20:27:31Z
wilkoklak,2017-02-24T20:24:33Z
wilkoklak,2017-02-24T20:13:10Z
jwasham,2017-02-23T18:22:12Z
marceloogeda,2017-02-22T16:01:10Z
marceloogeda,2017-02-22T15:55:56Z
marceloogeda,2017-02-21T22:21:18Z
marceloogeda,2017-02-16T20:30:39Z
marceloogeda,2017-02-16T20:25:24Z
jwasham,2017-02-16T18:14:47Z
bhowmikp,2017-02-16T12:41:00Z
jwasham,2017-02-14T05:56:02Z
vadoff,2017-02-14T02:24:15Z
jwasham,2017-02-11T18:56:19Z
maxbeier,2017-02-11T08:27:43Z
letientai299,2017-02-08T16:54:36Z
jwasham,2017-01-27T06:49:54Z
jwasham,2017-01-27T05:13:17Z
jwasham,2017-01-27T05:09:56Z
jwasham,2017-01-25T06:10:00Z
jwasham,2017-01-23T17:41:07Z
jwasham,2017-01-23T17:31:24Z
jwasham,2017-01-23T02:06:27Z
jwasham,2017-01-23T01:44:07Z
jwasham,2017-01-23T01:22:15Z
dikiaap,2017-01-20T13:14:48Z
dikiaap,2017-01-20T13:04:49Z
dikiaap,2017-01-20T12:48:19Z
dikiaap,2017-01-20T04:43:12Z
jwasham,2017-01-19T20:33:41Z
daveleee,2017-01-18T02:18:36Z
jwasham,2017-01-17T21:47:16Z
daveleee,2017-01-17T02:25:22Z
jwasham,2017-01-17T01:06:11Z
chrispecoraro,2017-01-16T23:39:08Z
thovo,2017-01-16T06:06:57Z
avizmarlon,2017-01-14T22:55:59Z
avizmarlon,2017-01-14T19:15:28Z
jwasham,2017-01-14T17:39:57Z
Hanney-Ryu,2017-01-14T04:45:56Z
jwasham,2017-01-13T22:12:49Z
amoulkaf,2017-01-13T21:48:45Z
Hanney-Ryu,2017-01-13T03:38:44Z
Hanney-Ryu,2017-01-13T03:28:27Z
Hanney-Ryu,2017-01-12T06:25:46Z
daveleee,2017-01-12T03:10:56Z
letientai299,2017-01-12T03:10:42Z
duytruong,2017-01-11T17:22:50Z
duytruong,2017-01-11T17:12:25Z
duytruong,2017-01-10T17:45:13Z
Ilyushin,2017-01-11T10:50:50Z
jwasham,2017-01-11T04:05:39Z
jwasham,2017-01-11T01:53:41Z
Hanney-Ryu,2017-01-10T06:38:06Z
daveleee,2017-01-10T03:26:21Z
santosomichael,2017-01-09T12:37:13Z
djKooks,2017-01-09T07:08:06Z
daveleee,2017-01-09T04:22:27Z
Hanney-Ryu,2017-01-09T03:45:11Z
spartzames,2017-01-06T05:32:43Z
kwangin,2017-01-08T01:10:37Z
mjpark03,2017-01-06T23:12:02Z
jwasham,2017-01-06T18:14:22Z
SaurabhSM,2017-01-06T17:01:22Z
letientai299,2017-01-06T16:48:59Z
letientai299,2017-01-06T16:32:23Z
letientai299,2017-01-06T16:08:37Z
Ilyushin,2017-01-06T15:03:08Z
daegwang,2017-01-06T13:25:39Z
daegwang,2017-01-06T13:00:05Z
aporiadin,2017-01-06T12:42:20Z
aporiadin,2017-01-06T12:03:27Z
aporiadin,2017-01-06T11:54:55Z
aporiadin,2017-01-06T11:50:33Z
Ilyushin,2017-01-06T09:30:44Z
hoonhoonhoon,2017-01-06T09:24:09Z
Ilyushin,2017-01-06T09:25:08Z
Ilyushin,2017-01-06T09:23:23Z
spartzames,2017-01-06T05:32:43Z
aporiadin,2017-01-05T21:41:05Z
jwasham,2017-01-05T20:43:12Z
wilkoklak,2017-01-05T16:42:16Z
wilkoklak,2017-01-05T16:28:19Z
jwasham,2017-01-05T16:10:32Z
wilkoklak,2017-01-05T15:58:19Z
wilkoklak,2017-01-05T15:56:52Z
wilkoklak,2017-01-05T15:38:27Z
santosomichael,2017-01-05T09:19:38Z
santosomichael,2017-01-05T09:12:55Z
santosomichael,2017-01-04T12:59:04Z
rvlewerissa,2017-01-04T06:24:29Z
fahminlb33,2017-01-04T06:11:41Z
santosomichael,2017-01-04T05:37:36Z
santosomichael,2017-01-03T20:09:37Z
rvlewerissa,2016-12-31T10:31:07Z
rvlewerissa,2016-12-30T18:38:11Z
rvlewerissa,2016-12-30T18:26:38Z
SaurabhSM,2017-01-05T06:29:38Z
dangkhoasdc,2017-01-05T04:58:46Z
Ilyushin,2017-01-04T17:57:51Z
Ilyushin,2017-01-04T17:54:52Z
letientai299,2017-01-04T13:12:36Z
santosomichael,2017-01-04T13:00:01Z
santosomichael,2017-01-04T12:59:04Z
letientai299,2017-01-04T12:20:06Z
letientai299,2017-01-04T09:04:22Z
dangkhoasdc,2017-01-04T08:25:14Z
dangkhoasdc,2017-01-04T08:16:37Z
dangkhoasdc,2017-01-04T07:58:38Z
dangkhoasdc,2017-01-04T07:53:12Z
dangkhoasdc,2017-01-04T07:10:01Z
dossorio,2017-01-04T07:03:23Z
vulcoes,2017-01-03T05:33:42Z
vulcoes,2017-01-03T05:29:17Z
rvlewerissa,2017-01-04T06:24:29Z
fahminlb33,2017-01-04T06:12:30Z
fahminlb33,2017-01-04T06:11:41Z
santosomichael,2017-01-04T05:37:36Z
beingStar,2017-01-04T04:24:02Z
SaurabhSM,2017-01-04T03:25:05Z
avizmarlon,2017-01-04T03:13:24Z
jwasham,2017-01-04T00:17:26Z
avizmarlon,2017-01-03T21:32:16Z
avizmarlon,2017-01-03T21:18:30Z
avizmarlon,2017-01-03T21:16:46Z
santosomichael,2017-01-03T20:09:37Z
jwasham,2017-01-03T17:56:36Z
jwasham,2017-01-03T17:49:32Z
microMolvi,2017-01-03T13:38:25Z
letientai299,2017-01-03T13:27:15Z
avizmarlon,2017-01-03T07:38:14Z
dossorio,2017-01-03T07:32:15Z
dangkhoasdc,2017-01-03T07:24:56Z
dossorio,2017-01-03T07:02:00Z
jwasham,2017-01-03T03:38:37Z
sqrthree,2017-01-03T03:24:58Z
sjaramillo10,2017-01-03T03:24:15Z
jwasham,2017-01-03T03:07:44Z
jwasham,2017-01-02T22:04:46Z
PavloKapyshin,2017-01-02T19:22:47Z
PavloKapyshin,2017-01-02T18:38:19Z
jwasham,2017-01-02T17:31:04Z
letientai299,2017-01-02T15:59:50Z
sqrthree,2017-01-02T14:36:34Z
sqrthree,2017-01-02T14:18:13Z
sqrthree,2017-01-02T14:07:26Z
dossorio,2017-01-02T13:44:56Z
dossorio,2017-01-02T13:43:37Z
zake7749,2017-01-02T13:37:25Z
dossorio,2017-01-02T12:58:34Z
dossorio,2017-01-02T12:56:01Z
dossorio,2017-01-02T12:51:31Z
dossorio,2017-01-02T12:48:48Z
dossorio,2016-12-26T17:07:20Z
Ilyushin,2017-01-02T12:23:20Z
dossorio,2017-01-02T10:40:18Z
letientai299,2017-01-02T06:14:13Z
letientai299,2017-01-02T06:11:29Z
jwasham,2017-01-02T05:58:28Z
jwasham,2017-01-02T05:55:01Z
jwasham,2017-01-01T22:08:42Z
rvlewerissa,2016-12-31T10:31:07Z
jwasham,2016-12-30T19:33:15Z
rvlewerissa,2016-12-30T18:38:11Z
rvlewerissa,2016-12-30T18:26:38Z
letientai299,2016-12-30T18:09:43Z
PavloKapyshin,2016-12-30T13:39:55Z
PavloKapyshin,2016-12-30T13:39:05Z
jwasham,2016-12-29T18:12:12Z
jwasham,2016-12-29T17:57:24Z
dossorio,2016-12-29T12:25:13Z
jwasham,2016-12-29T04:52:47Z
jwasham,2016-12-28T18:12:17Z
jwasham,2016-12-28T18:07:38Z
meteorfox,2016-12-28T07:30:01Z
letientai299,2016-12-27T16:11:48Z
letientai299,2016-12-27T15:45:36Z
letientai299,2016-12-27T15:43:03Z
letientai299,2016-12-27T15:36:15Z
letientai299,2016-12-27T14:51:41Z
jwasham,2016-12-27T04:55:10Z
jwasham,2016-12-26T23:37:34Z
jwasham,2016-12-26T23:36:39Z
jwasham,2016-12-26T23:32:58Z
DanaKirsh,2016-12-26T18:07:40Z
letientai299,2016-12-26T16:34:58Z
letientai299,2016-12-26T00:14:33Z
amoulkaf,2016-12-25T20:11:47Z
jwasham,2016-12-25T20:06:30Z
jwasham,2016-12-25T20:06:23Z
jwasham,2016-12-25T20:03:37Z
Ilyushin,2016-12-25T17:07:41Z
Ilyushin,2016-12-25T16:16:33Z
Ilyushin,2016-12-25T15:52:42Z
Ilyushin,2016-12-25T15:45:59Z
Ilyushin,2016-12-24T17:30:55Z
SaurabhSM,2016-12-24T16:23:42Z
PavloKapyshin,2016-12-24T12:01:48Z
antonkapyshin,2016-12-24T11:55:07Z
PavloKapyshin,2016-12-24T11:22:14Z
SaurabhSM,2016-12-24T10:26:15Z
SaurabhSM,2016-12-24T10:22:53Z
SaurabhSM,2016-12-24T10:13:51Z
Ilyushin,2016-12-24T08:57:27Z
SaurabhSM,2016-12-24T07:21:53Z
Ilyushin,2016-12-23T08:03:15Z
dossorio,2016-12-23T07:20:50Z
dossorio,2016-12-23T07:19:59Z
dossorio,2016-12-23T06:52:19Z
jwasham,2016-12-22T22:21:40Z
jwasham,2016-12-22T22:21:25Z
YanaBe,2016-12-22T20:39:36Z
YanaBe,2016-12-22T20:31:28Z
amoulkaf,2016-12-22T07:52:26Z
amoulkaf,2016-12-22T07:47:20Z
dossorio,2016-12-22T07:38:54Z
dossorio,2016-12-22T07:38:04Z
jwasham,2016-12-22T06:14:20Z
SaurabhSM,2016-12-22T05:44:15Z
SaurabhSM,2016-12-22T05:06:23Z
SaurabhSM,2016-12-22T05:05:34Z
dossorio,2016-12-21T22:07:59Z
dossorio,2016-12-21T22:06:23Z
dossorio,2016-12-21T20:32:01Z
dapp1990,2016-12-21T20:13:48Z
dapp1990,2016-12-21T20:12:44Z
dapp1990,2016-12-21T20:09:55Z
dapp1990,2016-12-21T20:06:32Z
sjaramillo10,2016-12-21T17:30:15Z
dossorio,2016-12-20T19:10:43Z
jwasham,2016-12-21T17:53:22Z
jwasham,2016-12-21T17:53:16Z
jwasham,2016-12-21T17:41:13Z
Noel-bk,2016-12-21T13:16:09Z
jwasham,2016-12-20T19:17:40Z
jwasham,2016-12-20T17:41:12Z
jwasham,2016-12-20T17:40:46Z
jwasham,2016-12-20T17:40:03Z
antonkapyshin,2016-12-20T09:54:16Z
dossorio,2016-12-20T09:19:08Z
dossorio,2016-12-20T09:12:54Z
jwasham,2016-12-20T06:19:05Z
jwasham,2016-12-20T06:11:59Z
jwasham,2016-12-20T02:10:43Z
jwasham,2016-12-20T02:09:15Z
jwasham,2016-12-17T05:36:22Z
jwasham,2016-12-16T21:07:05Z
jwasham,2016-12-16T21:04:50Z
jwasham,2016-12-16T20:23:34Z
jwasham,2016-12-14T00:14:33Z
jwasham,2016-12-14T00:06:24Z
jwasham,2016-12-14T00:01:00Z
jwasham,2016-12-14T00:00:39Z
jwasham,2016-11-29T06:56:22Z
IanBoyanZhang,2016-11-29T06:11:16Z
IanBoyanZhang,2016-11-29T06:04:59Z
jwasham,2016-11-29T05:42:19Z
IanBoyanZhang,2016-11-29T05:39:40Z
jwasham,2016-11-29T05:30:27Z
jwasham,2016-11-29T05:29:00Z
jwasham,2016-11-29T05:27:37Z
jwasham,2016-11-27T20:35:18Z
jwasham,2016-11-27T20:33:39Z
jwasham,2016-11-26T22:20:52Z
jwasham,2016-11-26T22:20:40Z
jwasham,2016-11-23T21:33:41Z
jwasham,2016-11-23T18:11:27Z
jwasham,2016-11-23T18:10:48Z
jwasham,2016-11-22T20:37:29Z
jwasham,2016-11-22T20:36:13Z
jwasham,2016-11-22T20:34:52Z
jwasham,2016-11-22T20:34:18Z
jwasham,2016-11-22T20:33:45Z
jwasham,2016-11-22T20:33:11Z
jwasham,2016-11-22T20:32:57Z
jwasham,2016-11-22T20:31:34Z
jwasham,2016-11-13T23:40:39Z
jwasham,2016-11-12T17:41:17Z
jwasham,2016-11-11T22:21:13Z
jwasham,2016-11-11T22:20:27Z
jwasham,2016-11-11T17:55:58Z
jwasham,2016-11-11T17:38:18Z
jwasham,2016-11-11T17:25:26Z
jwasham,2016-11-09T01:17:02Z
jwasham,2016-11-09T01:11:18Z
jwasham,2016-11-09T01:09:46Z
jwasham,2016-11-08T19:17:17Z
jwasham,2016-11-01T00:53:18Z
jwasham,2016-10-31T17:11:48Z
kalasoo,2016-10-31T02:46:30Z
jwasham,2016-10-30T18:02:43Z
jwasham,2016-10-30T03:47:48Z
jwasham,2016-10-29T03:29:57Z
aleen42,2016-10-29T00:21:02Z
jwasham,2016-10-28T16:32:28Z
albertux,2016-10-28T06:30:47Z
albertux,2016-10-28T06:29:42Z
albertux,2016-10-28T05:35:06Z
jwasham,2016-10-27T16:37:29Z
jwasham,2016-10-26T17:55:14Z
jwasham,2016-10-26T17:55:07Z
jwasham,2016-10-25T17:15:11Z
nomicos,2016-10-25T17:09:13Z
jwasham,2016-10-25T03:50:38Z
jwasham,2016-10-23T18:00:56Z
jwasham,2016-10-23T18:00:45Z
jwasham,2016-10-23T17:36:39Z
microMolvi,2016-10-23T09:04:15Z
jwasham,2016-10-19T18:59:16Z
jwasham,2016-10-17T16:30:22Z
jwasham,2016-10-17T16:24:33Z
jwasham,2016-10-16T03:58:53Z
jwasham,2016-10-16T02:22:06Z
jwasham,2016-10-16T02:21:18Z
jwasham,2016-10-16T02:17:14Z
OysterSu,2016-10-16T02:12:13Z
jwasham,2016-10-15T19:16:39Z
Murgio,2016-10-15T19:02:05Z
jwasham,2016-10-14T18:17:29Z
jwasham,2016-10-14T18:17:24Z
jwasham,2016-10-14T16:32:44Z
aleen42,2016-10-14T07:44:01Z
aleen42,2016-10-14T07:42:42Z
aleen42,2016-10-14T07:41:51Z
Carmezim,2016-10-14T06:52:52Z
Carmezim,2016-10-14T06:43:45Z
jwasham,2016-10-13T16:37:32Z
jwasham,2016-10-13T16:32:37Z
jwasham,2016-10-13T16:28:47Z
uppusaikiran,2016-10-13T15:03:06Z
d2s,2016-10-13T06:28:47Z
Glowin,2016-10-12T09:45:17Z
jwasham,2016-10-12T02:07:36Z
jwasham,2016-10-12T02:05:29Z
jwasham,2016-10-12T01:57:37Z
jwasham,2016-10-11T16:52:08Z
jwasham,2016-10-11T16:46:30Z
jwasham,2016-10-11T16:32:22Z
aleen42,2016-10-11T14:59:17Z
aleen42,2016-10-11T14:58:54Z
aleen42,2016-10-11T14:54:00Z
aleen42,2016-10-11T14:49:37Z
aleen42,2016-10-11T14:25:16Z
aleen42,2016-10-11T14:15:17Z
VFedyk,2016-10-11T13:33:40Z
aleen42,2016-10-11T10:51:04Z
Glowin,2016-10-11T10:43:19Z
Glowin,2016-10-11T10:31:28Z
Glowin,2016-10-11T10:29:19Z
Glowin,2016-10-11T10:10:26Z
sqrthree,2016-10-11T09:52:16Z
sqrthree,2016-10-11T09:46:26Z
aleen42,2016-10-11T09:38:49Z
sqrthree,2016-10-11T09:34:26Z
sqrthree,2016-10-11T09:32:19Z
aleen42,2016-10-11T08:42:42Z
sqrthree,2016-10-11T08:27:45Z
sqrthree,2016-10-11T08:25:34Z
Newt0n,2016-10-11T08:04:39Z
sqrthree,2016-10-11T07:23:07Z
sqrthree,2016-10-11T07:12:24Z
laobie,2016-10-11T06:45:31Z
sqrthree,2016-10-11T07:04:25Z
Newt0n,2016-10-11T05:31:41Z
Newt0n,2016-10-11T05:26:27Z
Newt0n,2016-10-11T05:03:49Z
Newt0n,2016-10-11T05:03:28Z
Newt0n,2016-10-11T04:47:24Z
sqrthree,2016-10-11T04:22:10Z
sqrthree,2016-10-11T04:13:01Z
aleen42,2016-10-11T02:24:24Z
jwasham,2016-10-11T00:11:45Z
jwasham,2016-10-10T23:22:19Z
jwasham,2016-10-10T18:34:57Z
jwasham,2016-10-10T18:23:34Z
aleen42,2016-10-10T17:42:34Z
aleen42,2016-10-10T17:28:05Z
aleen42,2016-10-10T17:26:26Z
aleen42,2016-10-10T16:45:31Z
aleen42,2016-10-10T16:41:45Z
jwasham,2016-10-10T16:41:13Z
aleen42,2016-10-10T16:39:02Z
aleen42,2016-10-10T16:32:21Z
aleen42,2016-10-10T16:31:34Z
jwasham,2016-10-10T16:30:19Z
aleen42,2016-10-10T16:29:34Z
aleen42,2016-10-10T16:21:35Z
aleen42,2016-10-10T16:20:11Z
aleen42,2016-10-10T16:16:34Z
aleen42,2016-10-10T16:13:58Z
aleen42,2016-10-10T16:05:38Z
aleen42,2016-10-10T16:02:05Z
aleen42,2016-10-10T16:01:17Z
aleen42,2016-10-10T15:55:40Z
aleen42,2016-10-10T15:44:58Z
aleen42,2016-10-10T15:43:15Z
aleen42,2016-10-10T15:40:08Z
aleen42,2016-10-10T15:39:06Z
aleen42,2016-10-10T15:37:02Z
aleen42,2016-10-10T15:31:42Z
aleen42,2016-10-10T15:29:26Z
aleen42,2016-10-10T15:21:21Z
aleen42,2016-10-10T15:16:42Z
aleen42,2016-10-10T15:14:06Z
aleen42,2016-10-10T15:13:29Z
aleen42,2016-10-10T15:12:38Z
aleen42,2016-10-10T15:11:38Z
aleen42,2016-10-10T15:08:41Z
aleen42,2016-10-10T15:05:55Z
aleen42,2016-10-10T14:56:24Z
aleen42,2016-10-10T14:54:54Z
aleen42,2016-10-10T14:48:27Z
aleen42,2016-10-10T14:47:58Z
aleen42,2016-10-10T14:41:16Z
aleen42,2016-10-10T14:40:28Z
aleen42,2016-10-10T14:34:13Z
SaurabhSM,2016-10-10T06:03:58Z
Glowin,2016-10-10T03:29:54Z
jwasham,2016-10-09T23:55:24Z
jwasham,2016-10-09T23:55:12Z
jwasham,2016-10-09T23:54:52Z
jwasham,2016-10-09T18:29:16Z
ArturSkowronski,2016-10-09T18:25:14Z
jwasham,2016-10-09T18:08:38Z
jwasham,2016-10-09T17:10:01Z
jwasham,2016-10-09T17:09:49Z
jwasham,2016-10-09T03:32:02Z
ladrift,2016-10-09T01:53:34Z
ladrift,2016-10-09T01:47:09Z
ladrift,2016-10-09T01:30:55Z
ladrift,2016-10-09T01:24:15Z
jwasham,2016-10-08T20:10:07Z
jwasham,2016-10-08T17:36:50Z
jwasham,2016-10-07T22:25:53Z
jwasham,2016-10-07T21:02:04Z
jwasham,2016-10-07T20:24:27Z
jwasham,2016-10-07T20:09:22Z
Carmezim,2016-10-07T19:46:53Z
jwasham,2016-10-07T18:58:13Z
jwasham,2016-10-07T18:41:17Z
jwasham,2016-10-07T18:31:00Z
Kiricon,2016-10-07T18:16:25Z
jwasham,2016-10-07T17:56:02Z
jwasham,2016-10-07T17:31:55Z
jwasham,2016-10-07T17:30:23Z
jwasham,2016-10-07T17:29:59Z
jhoffner,2016-10-07T15:05:27Z
Kiricon,2016-10-07T14:59:13Z
Carmezim,2016-10-07T07:04:07Z
jwasham,2016-10-07T03:42:07Z
jwasham,2016-10-07T03:35:23Z
jwasham,2016-10-07T03:34:07Z
jwasham,2016-10-07T03:05:00Z
Carmezim,2016-10-07T03:04:04Z
Carmezim,2016-10-07T03:01:50Z
Carmezim,2016-10-07T02:35:28Z
jwasham,2016-10-07T01:10:12Z
Carmezim,2016-10-07T00:44:38Z
jwasham,2016-10-07T00:09:59Z
Carmezim,2016-10-06T23:43:48Z
jwasham,2016-10-06T21:31:53Z
jwasham,2016-10-06T21:25:38Z
jwasham,2016-10-06T21:22:20Z
Carmezim,2016-10-06T19:28:06Z
Carmezim,2016-10-06T19:24:51Z
jwasham,2016-10-06T19:01:20Z
jwasham,2016-10-06T17:26:24Z
jwasham,2016-10-06T16:42:10Z
jwasham,2016-10-06T16:40:31Z
cixtor,2016-10-06T14:05:42Z
radarhere,2016-10-06T10:07:58Z
jwasham,2016-10-05T22:00:55Z
jwasham,2016-10-05T18:37:37Z
jwasham,2016-10-05T15:07:28Z
jwasham,2016-10-04T17:20:23Z
jwasham,2016-10-04T17:15:10Z
jwasham,2016-10-02T20:21:16Z
jwasham,2016-10-01T18:56:12Z
jwasham,2016-09-30T20:29:01Z
jwasham,2016-09-28T17:38:22Z
jwasham,2016-09-28T17:31:07Z
jwasham,2016-09-28T17:20:05Z
jwasham,2016-09-28T16:56:13Z
jwasham,2016-09-28T16:53:27Z
jwasham,2016-09-28T16:52:37Z
jwasham,2016-09-28T16:52:11Z
jwasham,2016-09-28T16:51:07Z
jwasham,2016-09-28T16:31:04Z
jwasham,2016-09-28T16:26:13Z
jwasham,2016-09-28T05:14:28Z
jwasham,2016-09-27T19:56:41Z
jwasham,2016-09-27T18:23:26Z
jwasham,2016-09-26T23:17:24Z
jwasham,2016-09-26T22:52:25Z
jwasham,2016-09-26T22:39:30Z
jwasham,2016-09-26T18:20:35Z
jwasham,2016-09-26T01:49:34Z
jwasham,2016-09-25T17:37:28Z
jwasham,2016-09-25T03:05:48Z
jwasham,2016-09-24T03:55:07Z
jwasham,2016-09-23T17:16:00Z
jwasham,2016-09-23T03:29:02Z
jwasham,2016-09-22T18:58:26Z
jwasham,2016-09-22T04:21:43Z
jwasham,2016-09-22T02:41:06Z
jwasham,2016-09-22T00:36:10Z
jwasham,2016-09-22T00:31:46Z
jwasham,2016-09-21T23:33:52Z
jwasham,2016-09-21T21:04:01Z
jwasham,2016-09-21T16:55:42Z
jwasham,2016-09-21T16:43:46Z
jwasham,2016-09-21T16:35:50Z
jwasham,2016-09-21T03:56:36Z
jwasham,2016-09-21T02:17:41Z
jwasham,2016-09-21T01:22:34Z
jwasham,2016-09-20T22:16:02Z
jwasham,2016-09-20T19:14:57Z
jwasham,2016-09-20T16:24:33Z
jwasham,2016-09-20T04:30:58Z
jwasham,2016-09-18T23:20:16Z
jwasham,2016-09-18T19:21:49Z
jwasham,2016-09-18T18:17:06Z
jwasham,2016-09-18T04:20:56Z
jwasham,2016-09-17T19:38:45Z
jwasham,2016-09-17T17:40:09Z
jwasham,2016-09-16T22:39:38Z
jwasham,2016-09-16T02:49:16Z
jwasham,2016-09-15T17:54:57Z
jwasham,2016-09-15T00:16:12Z
jwasham,2016-09-14T23:25:20Z
jwasham,2016-09-14T21:33:06Z
jwasham,2016-09-14T18:02:52Z
jwasham,2016-09-14T18:01:41Z
jwasham,2016-09-14T17:10:24Z
jwasham,2016-09-14T04:25:37Z
jwasham,2016-09-14T04:24:29Z
jwasham,2016-09-14T03:01:33Z
jwasham,2016-09-13T04:03:48Z
jwasham,2016-09-13T02:33:10Z
jwasham,2016-09-13T01:45:58Z
jwasham,2016-09-12T18:12:48Z
jwasham,2016-09-12T18:10:36Z
jwasham,2016-09-11T22:05:25Z
jwasham,2016-09-11T18:18:36Z
jwasham,2016-09-11T04:18:30Z
jwasham,2016-09-10T04:20:02Z
jwasham,2016-09-10T03:35:24Z
jwasham,2016-09-10T00:51:26Z
jwasham,2016-09-10T00:03:50Z
jwasham,2016-09-09T23:45:43Z
jwasham,2016-09-09T04:45:30Z
jwasham,2016-09-08T23:35:39Z
jwasham,2016-09-08T04:32:14Z
jwasham,2016-09-06T16:54:07Z
jwasham,2016-09-05T04:05:26Z
jwasham,2016-09-05T03:22:36Z
jwasham,2016-09-04T20:04:16Z
jwasham,2016-09-04T19:02:02Z
jwasham,2016-09-03T21:57:53Z
jwasham,2016-09-03T05:43:39Z
jwasham,2016-09-02T23:09:10Z
jwasham,2016-09-01T04:00:46Z
jwasham,2016-08-31T23:57:54Z
jwasham,2016-08-31T20:49:12Z
jwasham,2016-08-31T04:16:30Z
jwasham,2016-08-31T02:32:31Z
jwasham,2016-08-31T00:36:17Z
jwasham,2016-08-29T16:52:17Z
jwasham,2016-08-28T18:51:52Z
jwasham,2016-08-28T03:59:11Z
jwasham,2016-08-27T21:55:35Z
jwasham,2016-08-27T21:48:51Z
jwasham,2016-08-27T21:44:47Z
jwasham,2016-08-27T04:10:13Z
jwasham,2016-08-25T22:55:06Z
jwasham,2016-08-24T02:26:08Z
jwasham,2016-08-23T05:37:50Z
jwasham,2016-08-22T23:16:14Z
jwasham,2016-08-22T01:57:44Z
jwasham,2016-08-21T01:59:06Z
jwasham,2016-08-19T20:37:39Z
jwasham,2016-08-19T04:29:18Z
jwasham,2016-08-18T20:20:42Z
jwasham,2016-08-18T04:27:54Z
jwasham,2016-08-18T04:27:11Z
jwasham,2016-08-17T23:44:17Z
jwasham,2016-08-17T19:05:01Z
jwasham,2016-08-17T19:03:51Z
jwasham,2016-08-16T22:28:12Z
jwasham,2016-08-16T04:21:49Z
jwasham,2016-08-16T03:40:39Z
jwasham,2016-08-15T22:13:56Z
jwasham,2016-08-15T04:18:45Z
jwasham,2016-08-15T03:06:53Z
jwasham,2016-08-15T02:32:38Z
jwasham,2016-08-14T19:18:13Z
jwasham,2016-08-14T05:15:26Z
jwasham,2016-08-13T02:02:19Z
jwasham,2016-08-12T23:14:12Z
jwasham,2016-08-11T21:53:07Z
jwasham,2016-08-11T04:26:04Z
jwasham,2016-08-11T00:34:52Z
jwasham,2016-08-11T00:31:32Z
jwasham,2016-08-11T00:31:05Z
jwasham,2016-08-10T22:12:58Z
jwasham,2016-08-10T22:03:09Z
jwasham,2016-08-09T19:37:50Z
jwasham,2016-08-08T18:33:35Z
jwasham,2016-08-08T04:20:07Z
jwasham,2016-08-06T23:44:52Z
jwasham,2016-08-05T16:46:31Z
jwasham,2016-08-05T00:06:25Z
jwasham,2016-08-04T04:39:29Z
jwasham,2016-08-03T23:55:47Z
jwasham,2016-08-03T05:43:38Z
jwasham,2016-08-02T18:41:57Z
jwasham,2016-08-02T04:13:31Z
jwasham,2016-08-01T22:45:42Z
jwasham,2016-08-01T04:57:44Z
jwasham,2016-07-30T01:12:11Z
jwasham,2016-07-28T17:41:25Z
jwasham,2016-07-28T17:37:57Z
jwasham,2016-07-28T17:36:49Z
jwasham,2016-07-27T22:51:45Z
jwasham,2016-07-27T18:26:01Z
jwasham,2016-07-27T16:35:17Z
jwasham,2016-07-27T05:12:01Z
jwasham,2016-07-27T03:49:11Z
jwasham,2016-07-27T03:29:05Z
jwasham,2016-07-26T23:47:20Z
jwasham,2016-07-26T21:51:09Z
jwasham,2016-07-26T03:09:26Z
jwasham,2016-07-25T04:32:30Z
jwasham,2016-07-24T23:48:52Z
jwasham,2016-07-24T23:42:28Z
jwasham,2016-07-24T18:19:08Z
jwasham,2016-07-23T18:25:39Z
jwasham,2016-07-23T18:24:53Z
jwasham,2016-07-23T18:24:23Z
jwasham,2016-07-23T18:00:57Z
jwasham,2016-07-23T17:59:01Z
jwasham,2016-07-23T17:52:18Z
jwasham,2016-07-23T04:27:18Z
jwasham,2016-07-22T23:36:03Z
jwasham,2016-07-22T02:54:22Z
jwasham,2016-07-21T18:44:26Z
jwasham,2016-07-21T18:42:14Z
jwasham,2016-07-21T05:40:53Z
jwasham,2016-07-21T04:45:01Z
jwasham,2016-07-19T05:15:37Z
jwasham,2016-07-19T02:55:12Z
jwasham,2016-07-18T04:15:22Z
jwasham,2016-07-18T04:14:33Z
jwasham,2016-07-17T23:00:53Z
jwasham,2016-07-17T19:33:11Z
jwasham,2016-07-17T19:32:23Z
jwasham,2016-07-17T19:22:24Z
jwasham,2016-07-17T06:01:18Z
jwasham,2016-07-17T03:20:54Z
jwasham,2016-07-17T01:18:00Z
jwasham,2016-07-16T05:26:51Z
jwasham,2016-07-16T05:26:13Z
jwasham,2016-07-16T05:24:29Z
jwasham,2016-07-16T05:08:53Z
jwasham,2016-07-16T00:38:27Z
jwasham,2016-07-15T20:09:59Z
jwasham,2016-07-15T18:55:03Z
jwasham,2016-07-15T04:02:33Z
jwasham,2016-07-15T02:34:06Z
jwasham,2016-07-14T02:44:12Z
jwasham,2016-07-13T05:07:24Z
jwasham,2016-07-13T03:56:04Z
jwasham,2016-07-12T04:27:13Z
jwasham,2016-07-11T22:34:09Z
jwasham,2016-07-11T19:03:31Z
jwasham,2016-07-11T18:49:18Z
jwasham,2016-07-11T18:09:29Z
jwasham,2016-07-11T04:27:55Z
jwasham,2016-07-10T22:49:32Z
jwasham,2016-07-10T05:23:05Z
jwasham,2016-07-10T04:56:17Z
jwasham,2016-07-10T03:21:56Z
jwasham,2016-07-09T04:47:52Z
jwasham,2016-07-09T03:24:59Z
jwasham,2016-07-08T18:54:01Z
jwasham,2016-07-08T04:28:46Z
jwasham,2016-07-07T18:52:07Z
jwasham,2016-07-07T04:39:21Z
jwasham,2016-07-07T00:25:09Z
jwasham,2016-07-07T00:16:36Z
jwasham,2016-07-05T22:27:46Z
jwasham,2016-07-05T22:27:03Z
jwasham,2016-07-05T21:18:09Z
jwasham,2016-07-05T02:38:22Z
jwasham,2016-07-04T18:24:01Z
jwasham,2016-07-04T17:01:21Z
jwasham,2016-07-04T04:53:49Z
jwasham,2016-07-01T04:30:20Z
jwasham,2016-06-30T05:42:05Z
jwasham,2016-06-30T05:40:28Z
jwasham,2016-06-30T05:38:29Z
jwasham,2016-06-29T17:37:26Z
jwasham,2016-06-29T17:22:09Z
jwasham,2016-06-29T17:08:36Z
jwasham,2016-06-29T04:36:43Z
jwasham,2016-06-29T01:24:45Z
jwasham,2016-06-29T01:06:56Z
jwasham,2016-06-29T01:04:07Z
jwasham,2016-06-29T01:03:18Z
jwasham,2016-06-29T00:58:59Z
jwasham,2016-06-28T05:37:30Z
jwasham,2016-06-28T05:08:42Z
jwasham,2016-06-27T03:39:27Z
jwasham,2016-06-26T05:04:02Z
jwasham,2016-06-26T01:44:36Z
jwasham,2016-06-26T00:19:49Z
jwasham,2016-06-25T05:50:06Z
jwasham,2016-06-24T04:08:29Z
jwasham,2016-06-23T21:00:09Z
jwasham,2016-06-23T18:55:07Z
jwasham,2016-06-22T05:26:55Z
jwasham,2016-06-22T04:48:49Z
jwasham,2016-06-22T04:43:49Z
jwasham,2016-06-22T04:20:28Z
jwasham,2016-06-21T19:53:09Z
jwasham,2016-06-21T04:49:46Z
jwasham,2016-06-20T04:36:34Z
jwasham,2016-06-20T01:05:27Z
jwasham,2016-06-19T02:47:49Z
jwasham,2016-06-18T05:54:11Z
jwasham,2016-06-18T05:40:39Z
jwasham,2016-06-18T03:45:31Z
jwasham,2016-06-18T03:35:31Z
jwasham,2016-06-17T22:15:11Z
jwasham,2016-06-17T01:39:48Z
jwasham,2016-06-16T04:00:48Z
jwasham,2016-06-15T02:28:25Z
jwasham,2016-06-14T05:27:08Z
jwasham,2016-06-13T23:27:31Z
jwasham,2016-06-12T00:01:29Z
jwasham,2016-06-11T18:49:18Z
jwasham,2016-06-10T23:23:26Z
jwasham,2016-06-10T18:04:28Z
jwasham,2016-06-09T17:42:05Z
jwasham,2016-06-09T16:16:15Z
jwasham,2016-06-09T03:45:35Z
jwasham,2016-06-09T02:10:54Z
jwasham,2016-06-09T02:09:15Z
jwasham,2016-06-08T22:50:14Z
jwasham,2016-06-08T19:24:45Z
jwasham,2016-06-08T05:52:18Z
jwasham,2016-06-08T01:59:09Z
jwasham,2016-06-07T19:00:12Z
jwasham,2016-06-07T18:56:41Z
jwasham,2016-06-07T04:15:38Z
jwasham,2016-06-07T00:52:25Z
jwasham,2016-06-06T18:54:06Z
jwasham,2016-06-06T17:18:54Z
jwasham,2016-06-06T17:11:16Z
jwasham,2016-06-06T16:13:56Z
jwasham,2016-06-06T02:46:49Z
jwasham,2016-06-06T02:41:26Z
jwasham,2016-06-06T02:34:12Z
